epoch,train_acc,val_acc,train_loss,val_loss
1,0.7515009045600891,0.7666416764259338,0.5052785873413086,0.4821297526359558
2,0.7652705311775208,0.76996248960495,0.4852027893066406,0.4775378704071045
3,0.77153480052948,0.7734333276748657,0.47609367966651917,0.4722808599472046
